size,loss,accuracy,precision,recall,f1,wer
0.2,3.85297409163581,0.2023558203014697,0.1945563689743205,0.2023558203014697,0.19460115904463685,7.848472609873616
0.4,3.869739611943563,0.22555096881765252,0.21084248949869114,0.22555096881765252,0.21475856462322374,7.860074030627327
0.6,3.903553989198473,0.243865051298256,0.2261707777050222,0.243865051298256,0.23008435986578926,2.112616488954706
0.8,4.347285911771986,0.2443760168887574,0.22872651860601184,0.2443760168887574,0.2305434955111986,4.120985681724904
1.0,4.612335650126139,0.2462181823071441,0.22487734227335823,0.2462181823071441,0.22876671604363638,1.2537632873356184
