model,loss,accuracy,precision,recall,f1,wer
tiny,4.554398642645942,0.24845029514986083,0.8397103783025786,0.8384066517771254,0.8377802784881178,0.7345604631385574
tiny_ft,6.6230003356933596,0.18799499791579824,0.8320582280727478,0.816535198150797,0.8231241085943107,0.9683890301196194
tiny_ss,3.2590855810377333,0.20570398956554478,0.03745564699935045,0.04265546883931285,0.03863205685092051,7.888083598242528
tiny_ss_ft,4.023421488867866,0.1805456574648039,0.03244310416590606,0.03743855275888702,0.032108211138010975,7.980604094960069
tiny_ss_ft_freeze,3.404018592834473,0.19682932404630962,0.8283831228733487,0.0723035012728606,0.09638570543105672,7.7939250061397445
tiny_ft_freeze,4.943593364291721,0.22296924793932957,0.8352499590293647,0.6723743241849093,0.7425209107874389,2.0062456341249737
